2.096	2.082	14.780	2.765	0.000
2.856	-7.982	18.509	4.286	1.000
1.481	19.044	19.941	2.210	0.000
3.059	-2.262	25.982	5.180	1.000
-0.315	-2.156	10.614	0.080	1.000
1.009	15.508	6.146	0.229	0.000
1.052	15.918	16.388	1.477	0.000
1.667	5.839	3.833	0.918	0.000
1.128	-15.329	12.563	2.156	1.000
-1.052	9.248	0.701	-2.202	0.000
-0.957	1.715	17.158	0.108	1.000
-1.808	-32.608	3.267	-1.208	1.000
0.458	-13.166	13.636	1.562	1.000
-2.359	-29.120	15.777	-0.367	1.000
-1.395	-17.915	15.068	0.101	1.000
-0.164	6.867	-5.085	-1.951	0.000
1.107	15.756	16.556	1.556	0.000
-2.127	13.310	6.130	-2.732	0.000
-0.666	9.107	0.388	-1.861	0.000
-0.449	6.656	-0.052	-1.620	0.000
1.346	-6.793	16.148	2.504	1.000
-1.796	-20.002	14.157	-0.325	1.000
-0.454	12.875	26.127	1.285	1.000
-1.584	9.558	1.638	-2.615	0.000
1.125	21.668	19.117	1.678	0.000
-1.031	11.743	5.722	-1.667	0.000
0.490	14.614	17.679	1.132	0.000
-1.253	-16.531	9.782	-0.439	1.000
0.993	-11.090	9.430	1.507	1.000
-0.675	7.832	0.254	-1.842	0.000
0.910	-12.645	9.260	1.459	1.000
-0.605	10.119	1.500	-1.703	0.000
-0.248	14.273	-3.477	-2.092	0.000
-1.197	14.144	3.647	-2.157	0.000
-1.621	14.042	12.933	-1.457	0.000
1.658	8.801	9.014	1.427	0.000
-3.468	-49.313	13.983	-0.970	1.000
2.896	-15.637	16.634	4.362	1.000
-1.003	2.511	26.928	1.200	1.000
0.858	-18.068	4.616	1.039	1.000
2.313	-6.382	16.066	3.416	1.000
0.284	20.138	19.316	0.941	0.000
-1.563	-23.693	12.786	-0.138	1.000
0.535	7.379	-9.033	-1.763	0.000
0.874	-18.254	11.716	1.908	1.000
0.914	12.097	23.828	2.361	0.000
-1.297	-16.835	12.635	-0.132	1.000
-1.029	12.328	2.762	-2.038	0.000
1.051	-9.268	8.132	1.347	1.000
1.342	9.640	9.775	1.183	0.000
-0.109	-17.068	5.502	0.175	1.000
1.035	30.018	20.908	1.522	0.000
0.835	-7.899	10.938	1.426	1.000
0.136	12.676	11.332	0.099	1.000
0.175	-14.190	3.480	0.112	1.000
1.236	-16.455	14.833	2.568	1.000
1.748	21.147	9.685	1.175	0.000
1.272	8.617	17.288	2.046	0.000
1.460	12.929	8.912	1.083	0.000
1.676	21.134	9.464	1.079	0.000
-0.155	1.272	13.452	0.457	1.000
-2.123	14.896	11.514	-2.141	0.000
-0.241	7.403	-6.968	-2.268	0.000
-1.822	-19.904	24.113	0.833	1.000
1.739	15.134	10.698	1.491	0.000
1.939	-5.412	17.438	3.185	1.000
0.385	-15.711	10.145	1.161	1.000
-1.273	-10.043	24.733	1.104	1.000
-2.187	-29.381	20.008	0.312	1.000
0.211	-15.333	8.280	0.758	1.000
0.505	20.696	15.727	0.708	0.000
1.178	-13.908	8.250	1.641	1.000
1.742	-24.665	12.418	3.049	1.000
-0.918	6.496	-7.329	-2.936	0.000
2.443	-4.774	18.368	3.762	1.000
-0.049	11.597	14.772	0.366	1.000
-0.346	8.081	-0.479	-1.619	0.000
1.250	0.247	22.371	2.914	0.000
2.602	-4.074	18.773	3.940	1.000
0.323	4.165	20.080	1.611	0.000
1.596	-7.848	14.727	2.613	1.000
-0.232	2.177	10.514	0.001	1.000
-2.869	14.978	12.679	-2.727	0.000
-0.272	9.639	2.790	-1.212	0.000
0.287	-13.077	9.158	0.860	1.000
0.971	-13.563	14.442	2.167	1.000
0.312	12.719	18.742	1.151	0.000
-1.563	-21.230	9.849	-0.572	1.000
-2.575	16.740	4.539	-3.471	0.000
-2.229	-24.708	19.798	0.088	1.000
3.074	6.940	13.922	3.444	0.000
-0.484	8.828	-5.365	-2.361	0.000
1.984	2.931	11.296	2.213	0.000
-2.117	-31.589	12.852	-0.399	1.000
-1.215	6.757	2.674	-2.040	0.000
-1.697	-18.914	15.676	-0.085	1.000
-1.333	-17.932	14.663	0.113	1.000
-0.064	-8.318	8.862	0.323	1.000
0.776	-14.672	12.474	1.781	1.000
-0.796	0.516	17.900	0.392	1.000
-2.353	18.372	7.780	-2.926	0.000
1.178	-2.545	19.089	2.548	1.000
-1.052	-7.197	18.860	0.521	1.000
-0.063	-17.001	7.999	0.515	1.000
0.542	20.270	13.443	0.485	0.000
-2.265	13.516	12.402	-2.125	0.000
-1.836	-17.231	22.919	0.586	1.000
1.269	-12.934	16.378	2.665	1.000
1.397	22.430	18.203	1.807	0.000
0.231	6.716	7.577	-0.054	0.000
0.967	-13.823	13.393	2.048	1.000
1.573	5.106	12.620	1.900	0.000
0.651	20.581	14.435	0.699	0.000
-0.712	13.099	-3.894	-2.551	0.000
1.445	19.031	14.805	1.563	0.000
0.069	19.627	-1.582	-1.741	0.000
-0.941	11.776	-6.303	-3.015	0.000
0.343	-8.179	23.541	2.462	1.000
1.586	-6.963	10.508	2.070	0.000
-2.097	-26.930	20.610	0.387	1.000
-2.230	17.064	7.271	-2.824	0.000
0.275	22.627	13.264	0.126	0.000
0.761	-9.943	14.132	1.804	1.000
0.767	7.413	12.047	0.974	0.000
1.225	20.616	25.604	2.585	0.000
0.976	15.473	12.256	0.926	0.000
-2.825	18.559	12.218	-2.860	0.000
2.482	9.265	4.264	1.642	0.000
1.178	25.399	12.821	0.853	0.000
-1.964	-26.652	18.082	0.206	1.000
1.533	11.725	11.431	1.494	0.000
-0.249	-2.524	7.818	-0.177	1.000
-0.518	5.052	4.177	-1.128	0.000
-0.494	3.116	-1.645	-1.733	0.000
1.451	13.967	13.426	1.577	0.000
-2.120	-36.531	7.314	-0.894	1.000
-0.775	-5.202	6.223	-0.785	1.000
-1.730	-25.891	15.557	0.105	1.000
-0.059	1.635	-3.944	-1.536	0.000
-0.826	-1.614	19.400	0.614	1.000
-1.838	-34.842	4.543	-1.009	1.000
-2.360	21.944	2.498	-3.684	0.000
-1.858	-25.812	14.338	-0.167	1.000
-0.610	-7.758	4.694	-0.721	1.000
-1.255	17.005	3.020	-2.384	0.000
0.584	-6.792	20.302	2.262	1.000
0.995	4.224	11.588	1.247	0.000
-0.758	9.309	-2.145	-2.258	0.000
-2.624	15.499	15.120	-2.216	0.000
1.255	20.042	11.194	0.915	0.000
-1.247	12.216	5.064	-1.971	0.000
-2.062	-20.384	17.655	-0.153	1.000
-0.216	3.633	-0.650	-1.363	0.000
-1.168	-18.068	5.774	-0.782	1.000
2.698	-14.505	15.951	4.050	1.000
2.009	-13.646	15.977	3.358	1.000
-0.095	3.902	-4.837	-1.754	0.000
-1.659	-20.827	12.791	-0.328	1.000
1.827	10.741	9.344	1.564	0.000
-1.946	14.597	1.152	-3.194	0.000
2.232	10.843	2.501	1.136	0.000
1.226	-11.338	15.881	2.511	1.000
-1.880	17.348	6.607	-2.574	0.000
-2.430	-39.251	6.777	-1.166	1.000
0.798	15.930	17.420	1.355	0.000
-1.365	-10.260	16.121	-0.005	1.000
0.270	-3.961	16.807	1.445	1.000
0.384	7.321	5.243	-0.205	0.000
-0.834	-2.190	15.704	0.186	1.000
1.308	-11.864	19.232	3.006	1.000
0.001	10.294	-1.961	-1.535	0.000
0.974	-10.258	11.755	1.738	1.000
0.802	-14.864	11.600	1.709	1.000
2.774	-9.105	14.383	3.754	1.000
0.982	12.016	15.041	1.382	0.000
0.356	17.565	18.715	1.026	0.000
-0.453	8.722	-2.321	-1.964	1.000
-1.923	14.687	6.001	-2.597	0.000
-1.741	-15.402	21.510	0.449	1.000
1.843	5.712	24.477	3.554	0.000
0.803	-16.480	6.108	1.110	1.000
0.178	-4.896	4.817	-0.041	0.000
0.607	5.191	-15.702	-2.414	0.000
0.419	12.452	10.693	0.304	0.000
-1.562	-21.171	8.917	-0.684	1.000
0.027	5.864	13.003	0.424	1.000
0.883	5.027	10.266	0.954	0.000
2.394	17.933	13.543	2.369	0.000
-1.326	-15.386	13.276	-0.133	1.000
-1.529	16.465	2.159	-2.734	0.000
-2.288	16.924	9.745	-2.580	0.000
-1.492	-23.415	7.660	-0.690	1.000
-2.117	-29.659	12.196	-0.542	1.000
-0.318	9.910	-5.630	-2.268	0.000
0.987	-8.042	13.573	1.891	1.000
-1.333	14.738	0.969	-2.627	0.000
0.986	18.341	12.525	0.871	0.000
0.665	-8.962	13.263	1.575	1.000
0.945	-7.198	9.434	1.329	1.000
2.623	2.685	7.570	2.396	0.000
-1.088	9.294	-1.128	-2.456	0.000
0.894	23.177	18.319	1.309	0.000
0.890	21.263	24.746	2.136	0.000
-1.650	15.412	5.150	-2.459	0.000
-0.130	11.747	-4.594	-2.026	0.000
0.073	4.336	-6.825	-1.843	0.000
1.144	-16.693	10.559	1.978	1.000
-1.065	-11.559	16.076	0.324	1.000
1.629	3.843	14.516	2.222	0.000
2.469	-15.440	18.767	4.196	1.000
0.039	23.904	10.813	-0.438	0.000
-2.027	15.283	10.895	-2.135	0.000
-1.580	-25.602	4.428	-1.086	1.000
0.991	11.739	15.985	1.513	0.000
1.090	16.728	15.635	1.397	0.000
1.637	-10.599	9.858	2.165	1.000
1.306	20.199	14.491	1.352	0.000
-2.605	18.740	1.481	-3.933	0.000
-1.301	15.610	3.647	-2.307	0.000
0.842	1.827	-6.430	-0.967	0.000
-2.832	-25.812	25.348	0.203	1.000
1.045	-6.909	10.829	1.582	0.000
-0.068	6.320	9.684	-0.079	1.000
-1.052	-13.985	11.137	-0.170	1.000
-0.815	10.907	3.584	-1.685	0.000
-0.895	14.014	2.222	-2.030	0.000
-1.064	-8.932	13.207	-0.106	1.000
2.130	-13.829	6.773	2.383	1.000
1.826	-5.556	10.994	2.312	0.000
1.672	-10.384	19.118	3.295	1.000
1.231	6.938	-18.821	-2.242	0.000
0.679	20.449	2.882	-0.647	0.000
2.629	-10.017	16.471	3.893	1.000
-2.008	14.505	2.124	-3.135	0.000
1.406	-13.693	10.616	2.137	1.000
-0.820	-5.059	15.783	0.306	1.000
0.842	5.681	-18.958	-2.592	0.000
2.087	-13.404	19.406	3.833	1.000
1.658	-7.139	14.460	2.616	1.000
-0.687	-12.172	3.275	-0.815	1.000
-1.474	13.489	7.889	-1.897	0.000
-0.867	13.036	2.528	-1.933	0.000
-0.068	6.081	16.519	0.744	1.000
1.685	5.639	7.217	1.346	0.000
-0.909	-13.804	4.562	-0.821	1.000
-0.729	15.270	1.562	-1.990	0.000
1.391	-13.296	12.899	2.380	1.000
-1.261	8.823	8.259	-1.488	0.000
-0.050	20.777	17.619	0.393	0.000
0.806	-10.450	12.961	1.726	1.000
-2.076	-23.896	18.092	0.004	1.000
-0.222	2.986	12.421	0.211	1.000
1.461	1.673	13.314	1.990	0.000
-1.338	-9.948	15.030	-0.119	1.000
-1.253	11.131	7.945	-1.596	0.000
-1.080	6.503	9.852	-1.045	0.000
-1.717	-18.397	21.179	0.534	1.000
-0.099	7.007	-2.279	-1.558	0.000
-1.405	14.003	-3.076	-3.154	0.000
2.248	7.857	15.731	2.830	1.000
1.526	5.709	9.970	1.518	0.000
0.844	13.979	12.311	0.856	0.000
2.031	-12.700	20.366	3.869	1.000
1.678	14.297	10.431	1.429	0.000
0.994	-1.363	17.287	2.115	0.000
-0.619	-2.970	13.150	0.115	1.000
2.281	1.118	3.380	1.618	0.000
1.642	13.648	10.539	1.429	0.000
-0.653	-1.758	17.813	0.598	1.000
1.204	13.189	22.426	2.437	0.000
1.411	14.593	18.013	2.064	0.000
0.065	6.699	-1.117	-1.251	0.000
-0.202	16.030	7.714	-0.774	0.000
0.629	11.444	18.254	1.443	0.000
-1.775	-19.925	15.356	-0.165	1.000
0.369	7.471	-5.790	-1.540	0.000
0.826	29.471	22.291	1.503	1.000
-1.019	-1.457	20.362	0.537	1.000
1.095	5.676	19.865	2.281	0.000
-0.853	-6.212	9.133	-0.479	1.000
-2.677	19.814	9.132	-3.128	0.000
-0.292	8.947	-5.809	-2.231	0.000
-1.788	9.219	7.689	-2.079	0.000
-0.848	9.829	-1.973	-2.343	0.000
-1.048	-12.190	12.037	-0.119	1.000
3.449	-14.292	20.927	5.362	1.000
1.987	-2.849	11.602	2.449	1.000
0.172	16.629	16.343	0.597	0.000
2.720	3.505	23.427	4.352	0.000
1.881	21.795	19.263	2.423	0.000
-1.324	-20.564	4.379	-1.015	1.000
-0.659	-10.814	5.479	-0.571	1.000
1.371	6.880	9.829	1.312	0.000
-0.370	11.703	-4.536	-2.249	0.000
-1.138	-11.722	13.241	-0.079	1.000
2.053	7.918	8.291	1.752	0.000
1.120	12.676	17.573	1.795	0.000
-2.531	21.560	6.097	-3.407	0.000
0.199	5.621	8.269	0.034	1.000
-1.053	9.505	-2.335	-2.573	0.000
0.829	-19.644	14.813	2.280	1.000
-0.147	14.442	26.217	1.540	1.000
-1.457	16.026	0.550	-2.841	0.000
1.225	-20.911	13.443	2.543	1.000
0.843	-19.549	15.455	2.367	1.000
0.679	16.988	18.889	1.379	0.000
-1.661	17.628	6.777	-2.351	0.000
1.911	10.794	16.551	2.503	0.000
2.047	13.632	13.759	2.205	0.000
-0.403	-0.475	14.836	0.441	1.000
-0.123	9.820	17.476	0.678	1.000
-1.753	18.434	4.356	-2.756	0.000
0.009	-8.821	14.032	1.027	1.000
0.721	20.926	0.981	-0.849	0.000
1.673	-16.734	18.387	3.424	1.000
-0.689	10.860	-3.335	-2.386	0.000
0.376	-9.384	16.174	1.656	1.000
-2.308	15.123	2.862	-3.359	0.000
-0.817	-4.954	9.282	-0.469	1.000
-1.714	-21.435	15.033	-0.093	1.000
0.267	23.853	12.657	0.004	0.000
1.408	-4.128	4.152	1.044	0.000
-0.826	7.632	2.163	-1.754	0.000
-1.182	-6.951	19.113	0.416	1.000
-1.381	20.108	9.023	-1.897	0.000
1.417	-12.434	11.526	2.213	1.000
0.539	12.120	17.599	1.255	0.000
1.273	-13.137	19.394	3.035	1.000
-2.164	21.570	10.781	-2.494	0.000
-1.193	-10.416	8.817	-0.703	1.000
0.615	-18.284	10.228	1.481	1.000
2.236	-3.981	7.874	2.284	0.000
0.902	4.343	-13.813	-1.875	0.000
-0.661	-20.483	7.583	0.006	1.000
-2.011	17.775	1.305	-3.346	0.000
1.945	-8.959	19.213	3.522	1.000
1.802	18.740	18.680	2.380	0.000
-1.768	-23.250	15.327	-0.049	1.000
-0.979	-9.902	11.771	-0.162	1.000
-1.398	11.392	3.570	-2.267	0.000
-0.394	9.342	-4.556	-2.195	0.000
1.768	12.061	19.415	2.663	0.000
0.277	7.160	-9.981	-2.118	0.000
-2.477	16.859	8.546	-2.904	0.000
-0.513	-1.010	10.830	-0.124	1.000
0.897	-14.407	14.861	2.175	1.000
1.950	-9.839	10.012	2.460	1.000
0.641	-12.326	8.185	1.061	1.000
0.439	9.926	0.560	-0.799	0.000
0.994	-17.900	18.131	2.777	1.000
0.429	-9.688	14.894	1.565	1.000
2.084	-16.498	21.636	4.201	1.000
-0.251	10.711	-5.611	-2.228	0.000
1.028	17.915	22.074	2.065	0.000
1.252	13.858	12.335	1.258	0.000
-1.615	19.343	9.463	-2.044	0.000
0.813	-15.233	13.710	1.984	1.000
0.924	-9.200	14.563	1.988	1.000
1.531	10.630	-0.051	0.161	0.000
-1.169	-16.438	13.215	0.048	1.000
-1.716	16.749	2.054	-2.938	0.000
-1.459	11.765	10.306	-1.536	0.000
3.115	-8.791	21.561	4.929	1.000
-1.008	10.568	-3.635	-2.720	0.000
-1.372	13.824	3.890	-2.286	0.000
-0.321	10.126	26.374	1.536	1.000
1.606	-14.071	19.475	3.399	1.000
-2.553	19.793	17.269	-2.037	0.000
2.071	11.269	19.198	2.957	0.000
2.540	-11.440	17.869	4.022	1.000
-0.923	-2.281	23.368	1.016	1.000
-1.667	-23.700	12.326	-0.294	1.000
1.300	-5.443	14.686	2.239	1.000
2.738	6.805	14.236	3.162	0.000
2.832	-10.388	19.666	4.483	1.000
0.796	-7.418	10.522	1.322	1.000
-0.035	-17.310	15.595	1.459	1.000
2.611	2.065	11.164	2.834	0.000
0.321	12.946	-13.796	-2.726	0.000
1.391	-12.105	13.963	2.467	1.000
-0.797	11.365	-0.891	-2.216	0.000
-1.065	12.312	6.824	-1.588	0.000
0.975	17.314	22.580	2.094	0.000
-1.030	-9.119	13.083	-0.081	1.000
1.734	11.780	13.640	1.951	0.000
-2.147	-22.152	19.315	0.023	1.000
-0.040	7.005	13.442	0.372	1.000
0.486	-11.077	14.646	1.638	1.000
-1.154	-4.053	29.565	1.592	1.000
-1.160	-18.775	3.370	-1.038	1.000
1.181	10.459	14.150	1.521	0.000
0.008	11.204	15.757	0.552	1.000
0.964	6.538	17.341	1.824	0.000
1.406	6.278	20.649	2.655	0.000
-2.750	20.596	8.166	-3.340	0.000
-1.412	16.451	4.755	-2.311	0.000
-2.280	-30.981	15.177	-0.300	1.000
-0.212	-12.022	11.417	0.610	1.000
0.561	21.738	9.374	-0.031	0.000
2.441	-7.384	16.218	3.592	1.000
-0.925	10.495	2.774	-1.874	0.000
-2.547	21.729	13.338	-2.565	0.000
-0.733	8.877	-2.068	-2.210	0.000
0.840	16.039	18.447	1.514	0.000
-0.900	-15.119	3.653	-0.876	1.000
2.948	1.946	15.901	3.728	0.000
1.514	-18.298	14.655	2.879	1.000
1.043	0.869	6.285	0.775	0.000
1.203	-3.686	12.395	1.813	1.000
0.217	17.675	12.063	0.095	0.000
-0.665	-1.227	17.320	0.509	1.000
1.479	-10.953	17.751	2.965	1.000
-2.189	-26.367	13.064	-0.620	1.000
-0.977	13.963	0.778	-2.279	0.000
-0.034	-13.773	5.739	0.165	1.000
1.955	-11.220	9.494	2.450	1.000
-2.410	17.450	12.465	-2.392	0.000
-0.094	5.562	0.702	-1.150	0.000
-0.755	-2.407	16.952	0.418	1.000
-1.596	-13.369	16.575	-0.069	1.000
1.800	1.776	8.726	1.768	0.000
-1.916	14.102	8.050	-2.326	0.000
0.596	17.382	17.063	1.067	0.000
-0.866	9.348	-5.911	-2.813	0.000
-2.398	-35.948	7.211	-1.195	1.000
1.383	-10.386	20.258	3.151	1.000
-0.026	9.499	-1.810	-1.517	0.000
1.474	21.253	27.555	3.037	0.000
1.690	-8.764	19.983	3.361	1.000
-1.196	8.127	7.606	-1.480	0.000
-0.283	-2.921	7.231	-0.266	1.000
-0.042	9.949	-2.904	-1.677	0.000
-0.690	1.745	20.824	0.802	1.000
1.340	8.354	10.592	1.322	0.000
1.188	5.133	6.222	0.764	0.000
1.087	7.521	18.379	2.034	0.000
0.982	13.335	4.853	0.123	0.000
-0.913	-21.260	0.010	-1.115	1.000
1.570	-3.967	20.241	3.113	1.000
0.885	-16.457	10.193	1.676	1.000
1.379	-16.862	3.533	1.374	1.000
0.937	29.772	13.140	0.509	0.000
-1.311	12.693	8.423	-1.649	0.000
0.859	5.109	9.631	0.853	0.000
-3.287	17.996	10.611	-3.480	0.000
-0.977	-9.632	9.625	-0.425	1.000
1.814	6.287	11.484	1.957	0.000
-1.688	17.797	8.711	-2.152	0.000
1.865	-16.256	22.605	4.097	1.000
0.602	9.255	7.521	0.211	0.000
-2.336	19.089	11.584	-2.480	0.000
1.575	11.108	9.678	1.347	0.000
0.838	-7.312	15.040	1.898	1.000
1.071	19.171	6.476	0.205	0.000
1.043	14.553	19.921	1.937	0.000
1.209	-13.350	12.331	2.139	1.000
2.586	20.816	16.146	2.767	0.000
-0.644	-15.421	16.846	0.954	1.000
0.627	23.422	16.141	0.783	1.000
-0.764	-1.768	18.463	0.568	1.000
-2.238	-31.792	14.821	-0.274	1.000
1.394	11.524	15.894	1.898	0.000
-0.490	9.748	0.540	-1.694	0.000
-0.407	4.365	-6.072	-2.219	0.000
0.145	8.210	20.490	1.350	0.000
-0.110	8.598	17.364	0.718	1.000
-0.601	8.320	24.633	1.119	1.000
0.158	5.541	19.986	1.394	1.000
2.032	-11.558	16.948	3.424	1.000
1.404	24.163	2.446	-0.123	0.000
0.823	26.229	4.859	-0.468	0.000
-0.196	5.013	11.350	0.039	1.000
1.398	6.206	19.426	2.504	0.000
1.299	21.346	8.354	0.575	0.000
-0.168	-15.614	10.926	0.716	1.000
-1.314	-15.201	15.810	0.175	1.000
-0.737	8.763	-4.817	-2.538	0.000
0.268	18.315	11.306	0.032	0.000
-1.469	-29.893	4.377	-0.839	1.000
-0.091	7.861	15.494	0.539	1.000
0.401	9.145	-7.616	-1.783	1.000
-0.860	-8.146	15.810	0.375	1.000
-0.337	5.424	-4.751	-2.030	0.000
1.326	-23.153	19.229	3.407	1.000
0.365	29.086	14.528	0.145	0.000
1.124	19.961	16.887	1.469	0.000
-2.245	15.585	9.235	-2.553	0.000
1.272	-13.519	13.995	2.404	1.000
-0.493	5.075	-6.621	-2.392	0.000
1.473	19.902	13.646	1.423	0.000
-0.807	-5.981	14.305	0.174	1.000
-0.051	7.731	-8.194	-2.242	0.000
-0.794	6.286	3.809	-1.481	0.000
0.944	18.526	14.693	1.083	0.000
1.290	3.166	10.959	1.493	0.000
-1.253	-19.818	4.318	-0.979	1.000
0.593	8.820	-11.809	-2.087	0.000
1.281	16.306	16.798	1.735	0.000
-0.299	1.525	10.690	-0.020	1.000
1.090	8.343	19.249	2.113	0.000
2.195	0.589	3.350	1.550	0.000
0.904	-5.590	5.859	0.809	1.000
-1.037	15.192	11.111	-1.147	0.000
-0.487	13.337	-4.697	-2.437	0.000
2.271	-14.872	15.436	3.588	1.000
2.700	5.519	11.772	2.875	0.000
1.880	12.788	15.148	2.238	0.000
-0.252	6.742	-2.256	-1.695	0.000
1.285	16.943	16.641	1.698	0.000
-1.307	13.111	10.004	-1.470	0.000
2.245	-10.619	22.668	4.280	1.000
1.552	6.679	20.034	2.709	0.000
-1.871	9.516	7.629	-2.177	0.000
0.043	5.480	-4.431	-1.626	0.000
1.716	-14.652	24.225	4.091	1.000
0.846	18.651	12.514	0.724	1.000
-1.424	12.816	-2.049	-3.010	0.000
-3.349	20.597	15.503	-3.045	0.000
0.345	-12.716	4.589	0.358	1.000
-1.483	11.444	-0.656	-2.855	0.000
0.755	3.870	12.165	1.096	0.000
0.803	17.079	8.778	0.291	0.000
2.197	-5.357	14.079	3.032	1.000
-0.767	8.031	0.435	-1.916	0.000
1.919	-7.099	17.624	3.244	1.000
1.213	-5.736	12.977	1.961	1.000
-2.640	16.572	12.494	-2.580	0.000
-0.953	-6.794	19.104	0.632	1.000
-0.789	3.765	23.115	0.911	1.000
1.366	-18.066	17.053	3.013	1.000
-1.190	-10.040	17.105	0.275	1.000
1.365	20.053	26.182	2.808	0.000
-1.066	12.188	1.973	-2.163	0.000
-0.528	5.013	24.922	1.336	1.000
-1.748	-21.328	11.622	-0.536	1.000
-0.132	-9.243	7.561	0.133	1.000
0.374	16.735	11.920	0.261	0.000
0.449	2.690	-6.855	-1.428	0.000
1.687	-6.978	15.652	2.781	1.000
-1.308	-17.715	13.981	0.049	1.000
-2.418	13.973	10.043	-2.570	0.000
1.001	-7.981	4.781	0.855	1.000
-1.594	12.178	1.654	-2.712	0.000
0.638	-15.364	14.064	1.862	1.000
-0.740	9.041	-4.920	-2.563	0.000
-0.055	3.534	10.788	0.159	1.000
-1.303	-17.365	12.417	-0.145	1.000
-1.414	-24.851	6.012	-0.762	1.000
-0.376	8.182	-0.024	-1.598	0.000
0.062	-14.041	8.666	0.616	1.000
-1.868	-21.565	15.792	-0.148	1.000
-0.512	10.753	-2.270	-2.084	0.000
0.906	14.750	14.138	1.108	0.000
-1.606	-21.348	13.961	-0.119	1.000
-1.302	12.269	-3.820	-3.085	0.000
1.423	16.838	8.860	0.909	0.000
-0.483	9.863	21.005	0.748	1.000
1.840	4.125	8.440	1.693	0.000
-1.132	-18.597	13.550	0.197	1.000
-1.812	-32.366	2.354	-1.328	1.000
1.119	-16.621	15.564	2.548	1.000
1.110	-16.108	9.884	1.845	1.000
1.577	-19.864	19.853	3.613	1.000
-1.405	-19.831	10.457	-0.394	1.000
-0.454	-8.141	7.690	-0.200	1.000
-0.677	-8.507	9.795	-0.153	1.000
-1.467	12.011	0.531	-2.717	0.000
-0.283	11.747	-2.135	-1.881	0.000
0.537	-6.237	10.223	0.996	1.000
1.792	-11.296	12.620	2.667	1.000
-2.170	-34.784	13.543	-0.259	1.000
1.341	14.728	8.521	0.860	0.000
-0.708	8.376	1.876	-1.699	0.000
-2.073	-21.532	20.499	0.215	1.000
2.489	-9.984	18.553	4.005	1.000
-1.357	-18.611	12.147	-0.188	1.000
-1.391	-27.047	2.085	-1.134	1.000
0.141	26.641	17.405	0.354	0.000
0.138	4.537	-1.794	-1.188	0.000
-1.285	11.110	-0.343	-2.614	0.000
-1.219	-4.501	17.470	0.102	1.000
-0.521	3.567	-1.770	-1.790	0.000
1.413	-11.137	7.531	1.689	1.000
-0.985	-9.599	16.041	0.331	1.000
-1.959	-20.402	22.473	0.521	1.000
0.842	9.714	3.518	-0.049	0.000
-1.133	12.530	7.031	-1.637	0.000
-3.774	24.259	19.938	-3.051	0.000
1.339	13.289	20.051	2.281	0.000
-2.305	-39.559	5.996	-1.127	1.000
-1.233	-6.965	13.714	-0.276	1.000
-0.416	-5.302	6.034	-0.457	1.000
0.274	10.131	15.119	0.770	1.000
1.538	-11.800	11.766	2.337	1.000
0.988	19.259	9.947	0.534	0.000
2.680	-9.076	20.235	4.359	1.000
-1.753	15.534	10.004	-1.984	0.000
1.628	-17.173	9.671	2.357	1.000
-0.405	8.965	0.214	-1.624	0.000
-0.660	2.878	16.641	0.294	1.000
2.637	-10.255	16.409	3.901	1.000
-2.399	-30.990	13.425	-0.624	1.000
2.369	-15.474	20.274	4.280	1.000
-1.645	14.647	5.649	-2.368	0.000
-0.755	12.561	-3.027	-2.470	0.000
0.861	-11.216	13.200	1.833	1.000
-2.558	15.863	10.928	-2.664	0.000
3.090	-13.541	22.168	5.138	1.000
-1.457	-14.551	15.171	-0.062	1.000
0.821	18.709	4.171	-0.297	0.000
0.633	20.558	12.269	0.424	0.000
0.066	-18.619	8.006	0.696	1.000
-0.908	11.392	-2.598	-2.528	0.000
-1.341	-19.175	8.761	-0.557	1.000
0.817	-9.979	3.902	0.641	1.000
1.124	14.014	11.230	0.997	0.000
-0.381	3.037	14.481	0.301	1.000
1.171	15.887	4.417	0.167	0.000
1.554	2.592	-18.006	-1.684	0.000
1.263	-13.227	15.909	2.613	1.000
-0.464	8.270	-7.674	-2.598	0.000
-0.536	3.642	-5.944	-2.305	0.000
2.452	2.410	16.378	3.289	0.000
-2.290	17.005	10.389	-2.507	0.000
2.065	-8.655	14.617	3.080	1.000
1.764	-10.197	19.952	3.478	1.000
-0.718	-4.882	17.677	0.624	1.000
-2.864	16.827	6.278	-3.547	0.000
-0.340	8.036	-3.255	-1.943	0.000
-1.793	-28.405	1.918	-1.497	1.000
-2.660	20.470	10.702	-2.946	0.000
-1.223	15.373	4.972	-2.066	0.000
0.347	-8.840	12.773	1.205	1.000
0.981	5.736	17.463	1.882	0.000
-1.514	11.197	4.514	-2.260	0.000
0.385	-9.967	19.028	2.025	1.000
-0.121	8.621	-6.828	-2.177	0.000
-1.294	-9.832	17.548	0.219	1.000
-1.054	7.791	-6.831	-3.052	0.000
1.227	15.878	13.178	1.265	0.000
1.849	-18.234	14.465	3.178	1.000
-0.284	7.614	18.781	0.752	1.000
1.495	14.924	9.058	1.066	1.000
1.935	-18.161	16.483	3.500	1.000
0.877	-15.344	13.704	2.049	1.000
-1.400	11.986	4.352	-2.195	0.000
-1.688	11.738	6.522	-2.208	0.000
0.462	-4.254	9.410	0.759	1.000
2.528	-13.315	17.332	4.010	1.000
0.698	14.524	18.447	1.428	0.000
0.472	7.387	-12.607	-2.250	0.000
-0.813	0.038	27.143	1.494	1.000
-1.943	16.371	4.041	-2.908	0.000
-0.076	-8.813	13.190	0.844	1.000
-1.903	-28.863	15.463	0.027	1.000
-1.702	-17.334	18.027	0.136	1.000
-2.375	-17.431	6.343	-1.904	1.000
-3.751	-51.965	15.300	-0.996	1.000
-1.240	11.653	1.917	-2.320	0.000
2.208	-1.215	9.060	2.304	0.000
-1.291	-13.951	13.402	-0.132	1.000
0.998	6.666	20.822	2.268	0.000
2.067	-5.750	15.736	3.117	1.000
2.644	-10.744	14.518	3.699	1.000
-1.962	-31.770	0.674	-1.694	1.000
-1.125	-15.483	7.574	-0.614	1.000
-0.610	14.095	-2.448	-2.313	0.000
0.844	13.944	13.270	0.972	0.000
0.917	13.129	22.884	2.216	0.000
1.705	11.629	17.259	2.359	0.000
-3.873	24.386	26.214	-2.403	0.000
0.973	14.494	22.264	2.150	0.000
-2.146	7.431	10.336	-2.050	0.000
0.384	-13.219	9.048	0.945	1.000
-2.488	-38.932	11.146	-0.712	1.000
1.182	9.585	15.898	1.760	0.000
1.178	0.387	9.126	1.260	0.000
-1.617	14.345	2.240	-2.737	0.000
-1.532	-16.806	15.943	0.034	1.000
-0.509	9.331	-3.536	-2.184	1.000
-2.777	18.310	6.429	-3.495	0.000
1.206	-14.946	16.777	2.720	1.000
2.105	-15.658	10.361	2.850	1.000
-1.308	8.803	1.264	-2.367	0.000
0.930	15.678	21.412	1.967	0.000
-0.179	10.101	-6.977	-2.301	0.000
-0.916	14.222	1.892	-2.097	0.000
0.698	-5.970	16.939	1.944	1.000
-0.452	10.345	-4.662	-2.298	0.000
0.496	-8.792	14.081	1.503	1.000
1.431	-14.789	12.279	2.396	0.000
-0.124	-13.238	9.123	0.463	1.000
-2.023	-31.699	9.437	-0.711	1.000
-0.350	10.952	-1.986	-1.900	0.000
-2.124	-27.980	16.238	-0.124	1.000
-0.069	-18.002	8.067	0.551	1.000
-0.191	-14.236	9.795	0.512	1.000
1.347	25.821	11.116	0.799	0.000
-0.816	-5.224	19.997	0.817	1.000
-1.840	-27.696	18.441	0.404	1.000
-1.524	-8.409	20.842	0.342	1.000
-1.294	16.647	5.722	-2.088	0.000
1.548	-10.591	18.133	3.064	1.000
1.126	9.351	9.993	1.009	0.000
1.872	16.082	11.494	1.682	0.000
-1.587	12.752	7.619	-2.014	0.000
0.982	16.538	15.169	1.244	0.000
2.375	-6.425	16.913	3.578	1.000
0.603	8.874	14.219	1.023	0.000
0.981	-8.345	18.834	2.523	1.000
0.735	-10.372	18.191	2.277	1.000
-1.845	15.678	3.645	-2.836	0.000
1.554	25.364	24.095	2.562	0.000
-1.674	-21.598	23.218	0.926	1.000
0.741	-7.020	9.374	1.119	1.000
1.162	29.473	11.627	0.557	0.000
-2.287	-29.485	14.473	-0.442	1.000
-0.374	8.091	4.159	-1.094	0.000
-0.223	4.392	0.386	-1.273	0.000
-1.859	11.169	0.706	-3.047	0.000
0.114	5.380	-9.166	-2.118	0.000
-1.558	-17.654	11.540	-0.486	1.000
1.290	-4.692	10.509	1.707	0.000
0.414	-11.360	14.935	1.612	1.000
1.752	11.255	7.775	1.287	0.000
2.259	20.196	22.348	3.211	0.000
-0.571	3.853	14.280	0.066	1.000
2.227	-5.201	19.296	3.677	1.000
0.685	-12.029	9.269	1.222	1.000
0.351	12.376	11.613	0.350	0.000
-1.503	13.748	-3.129	-3.247	0.000
-0.520	9.913	1.240	-1.645	0.000
-0.132	-18.969	10.253	0.784	1.000
0.355	-16.226	10.545	1.197	1.000
-1.541	-17.319	14.137	-0.172	0.000
-1.295	-13.779	14.999	0.048	1.000
-0.579	3.581	13.568	-0.018	1.000
0.934	3.678	-5.640	-0.847	0.000
-0.423	4.836	4.664	-0.971	0.000
-2.451	16.230	4.988	-3.281	0.000
0.771	-18.645	17.665	2.531	1.000
1.457	19.814	11.810	1.192	0.000
1.442	9.385	29.711	3.665	0.000
1.821	15.328	19.654	2.632	0.000
-0.035	10.790	18.558	0.859	1.000
-1.267	-16.047	15.890	0.259	1.000
1.380	-15.657	14.496	2.641	1.000
0.614	-16.244	11.815	1.600	1.000
-2.163	21.812	6.275	-3.038	0.000
1.790	-4.664	17.872	3.066	1.000
1.894	5.868	12.996	2.229	0.000
1.664	-16.861	16.334	3.175	1.000
0.066	-15.242	8.936	0.692	1.000
-1.258	-14.283	12.615	-0.182	1.000
-0.615	6.538	1.713	-1.566	0.000
-0.541	-13.677	9.903	0.167	1.000
2.404	-13.672	18.850	4.083	1.000
-0.161	6.793	4.664	-0.784	0.000
-1.846	-23.733	10.829	-0.644	1.000
0.755	-12.064	8.097	1.151	1.000
2.453	3.411	20.728	3.774	0.000
-2.726	-30.194	22.383	0.101	1.000
0.027	16.223	20.031	0.910	1.000
1.414	-1.377	10.911	1.761	0.000
1.935	7.065	11.694	2.073	0.000
1.795	-14.314	22.204	3.915	1.000
0.921	4.610	17.701	1.891	0.000
-0.476	-14.587	4.424	-0.392	1.000
1.426	15.096	13.639	1.540	0.000
-0.105	20.574	8.806	-0.703	0.000
-1.260	-15.573	10.497	-0.393	1.000
-1.908	16.041	4.917	-2.757	0.000
-0.440	-4.851	16.088	0.703	1.000
-0.869	2.882	21.164	0.630	1.000
-2.574	-41.659	9.378	-0.914	1.000
-0.841	7.460	1.042	-1.896	0.000
-1.357	14.033	1.820	-2.525	0.000
-0.630	0.083	14.899	0.210	1.000
-0.065	-15.921	6.635	0.314	1.000
2.353	-10.861	17.075	3.727	1.000
-1.742	-23.825	13.666	-0.202	1.000
2.209	-15.601	15.405	3.549	1.000
0.231	0.796	-2.435	-1.047	0.000
3.229	-13.678	17.918	4.771	1.000
-1.393	-10.189	24.733	0.992	1.000
-3.110	21.796	16.211	-2.769	0.000
1.180	9.302	14.608	1.614	0.000
-2.227	20.484	8.144	-2.833	0.000
0.342	-13.840	8.771	0.892	1.000
1.076	-9.834	6.381	1.182	1.000
-1.627	-21.504	16.243	0.138	1.000
1.134	-11.261	13.721	2.161	1.000
-0.237	27.209	13.630	-0.481	0.000
-1.783	-18.993	18.995	0.229	1.000
2.151	-2.968	16.413	3.185	1.000
-1.578	-12.704	20.249	0.364	1.000
-2.032	-23.554	14.260	-0.421	1.000
0.288	-18.831	12.700	1.477	1.000
0.851	17.789	20.022	1.653	0.000
-1.476	11.018	-5.287	-3.386	0.000
0.223	19.293	24.777	1.561	1.000
1.410	13.214	16.935	1.981	0.000
2.513	-10.724	14.479	3.568	1.000
-0.693	-4.575	19.173	0.816	1.000
0.286	-18.396	8.895	1.007	1.000
-1.119	-8.669	16.601	0.237	1.000
0.586	9.198	20.894	1.792	0.000
0.015	-12.245	14.998	1.264	1.000
1.555	-0.931	9.236	1.683	0.000
-1.329	11.691	4.270	-2.127	0.000
0.271	-9.284	14.685	1.373	1.000
0.163	-5.158	8.661	0.412	1.000
-1.082	-6.964	14.288	-0.061	1.000
-1.465	-9.975	22.471	0.646	1.000
-0.986	4.924	-4.132	-2.567	0.000
1.687	0.783	13.379	2.247	0.000
-0.667	9.935	1.486	-1.759	0.000
0.922	8.619	11.958	1.071	0.000
0.387	-15.700	12.633	1.459	1.000
0.274	14.609	15.343	0.645	0.000
-1.106	-11.155	6.537	-0.866	1.000
-0.263	9.495	-1.471	-1.705	0.000
-0.956	-1.296	17.879	0.297	1.000
-0.958	16.430	-4.044	-2.919	0.000
0.282	-9.899	12.736	1.173	1.000
-0.373	9.424	-7.217	-2.494	0.000
-2.146	-23.062	19.241	0.046	1.000
-1.901	9.831	5.389	-2.483	0.000
-2.231	18.701	12.698	-2.232	0.000
-1.446	15.734	7.512	-1.991	0.000
2.281	-15.721	10.585	3.048	1.000
-1.137	-10.739	12.693	-0.176	1.000
-0.735	-14.145	8.400	-0.183	1.000
-0.296	11.213	0.611	-1.548	0.000
-0.751	-0.885	11.952	-0.226	1.000
-0.196	7.718	19.187	0.883	1.000
0.597	9.506	-2.434	-0.988	0.000
-2.880	17.076	12.374	-2.844	0.000
0.614	-8.217	11.377	1.275	1.000
-2.209	-46.074	-5.495	-2.183	1.000
0.652	-16.246	8.229	1.209	1.000
-1.078	9.014	1.415	-2.134	0.000
-1.578	-15.542	10.965	-0.646	1.000
-0.316	5.467	0.099	-1.433	0.000
0.932	8.490	7.117	0.509	0.000
1.276	-10.858	12.676	2.160	1.000
0.701	-11.559	17.647	2.220	1.000
1.960	10.276	12.946	2.137	0.000
-0.299	1.380	12.992	0.259	1.000
-1.018	5.582	30.201	1.472	1.000
-1.613	-9.894	23.017	0.565	1.000
-0.837	11.681	0.910	-2.051	0.000
-2.336	-36.254	11.251	-0.643	1.000
0.463	23.066	21.214	1.241	0.000
-1.520	12.392	5.382	-2.203	0.000
-0.768	-6.239	8.965	-0.416	1.000
-1.350	13.305	-0.562	-2.778	0.000
1.070	14.499	18.202	1.760	0.000
1.546	8.281	7.314	1.134	0.000
2.339	3.809	24.637	4.117	0.000
0.948	6.372	15.395	1.583	0.000
0.932	-1.585	-10.040	-1.195	0.000
1.128	-9.650	10.651	1.735	1.000
-0.108	-15.522	9.083	0.551	1.000
-1.148	-11.794	12.720	-0.148	1.000
-0.220	23.850	19.214	0.315	0.000
2.027	7.825	5.766	1.429	0.000
0.548	14.093	10.730	0.378	0.000
1.093	6.969	15.848	1.757	0.000
0.194	8.599	-7.705	-1.975	0.000
0.110	-17.136	10.696	1.009	1.000
2.694	-15.757	20.793	4.666	1.000
0.872	12.644	13.802	1.107	0.000
-1.340	11.621	5.478	-1.991	0.000
0.956	13.018	6.387	0.291	0.000
-0.874	-9.625	7.005	-0.638	1.000
1.519	-12.420	12.427	2.419	1.000
-1.145	-3.128	3.094	-1.586	0.000
1.661	16.128	15.228	1.922	0.000
-2.780	21.458	13.372	-2.778	0.000
0.963	-8.955	17.413	2.358	1.000
0.830	-5.908	17.920	2.186	1.000
0.090	7.893	13.212	0.441	1.000
0.994	-15.929	15.645	2.414	1.000
1.390	-12.920	21.833	3.432	1.000
-0.809	-9.705	6.784	-0.598	1.000
-0.476	18.376	10.221	-0.819	0.000
-1.240	-17.091	12.815	-0.046	1.000
1.331	-13.370	21.829	3.390	1.000
3.583	-14.031	25.549	6.034	1.000
-1.463	13.355	4.067	-2.337	0.000
1.160	11.204	14.479	1.514	0.000
0.563	13.495	6.503	-0.091	0.000
-2.095	-29.376	9.951	-0.799	1.000
-3.368	26.028	23.192	-2.331	0.000
1.111	-22.178	9.979	2.063	1.000
-0.468	-15.411	8.323	0.109	1.000
-1.101	-14.003	14.774	0.217	1.000
-1.619	-11.894	18.878	0.133	1.000
1.477	-9.325	11.170	2.123	1.000
1.258	10.040	6.997	0.758	0.000
-0.893	-5.661	17.603	0.473	1.000
0.185	3.236	-8.572	-1.907	1.000
2.348	-14.703	18.255	3.993	1.000
1.422	-23.143	21.671	3.790	1.000
2.750	-0.656	15.959	3.632	0.000
1.422	20.924	21.118	2.230	0.000
1.472	12.781	26.791	3.231	0.000
-1.808	-31.600	10.247	-0.410	1.000
-2.785	20.945	14.152	-2.672	0.000
0.409	16.611	23.947	1.733	0.000
-0.445	-2.894	10.883	0.012	1.000
-2.616	-39.769	7.598	-1.231	1.000
2.056	-6.892	21.062	3.780	1.000
1.384	-14.202	21.020	3.373	1.000
0.389	-0.054	-9.380	-1.694	0.000
1.187	19.969	14.548	1.252	0.000
-0.059	5.920	1.417	-1.042	0.000
1.832	-17.845	15.404	3.260	1.000
2.552	-10.136	18.230	4.033	1.000
-0.725	0.389	15.444	0.173	1.000
-1.658	-13.897	23.439	0.708	1.000
-0.605	-2.892	13.736	0.196	1.000
-0.252	-13.705	2.703	-0.411	1.000
0.323	-10.697	13.545	1.336	1.000
-0.337	3.821	13.041	0.145	1.000
2.907	-12.164	15.096	4.071	1.000
1.780	7.208	16.007	2.432	0.000
1.418	-0.758	8.751	1.487	0.000
-1.805	11.667	3.909	-2.630	0.000
2.530	0.047	24.936	4.465	0.000
-1.657	-16.557	17.954	0.145	1.000
-0.273	-15.160	11.840	0.708	1.000
-1.994	20.633	6.370	-2.823	0.000
-2.073	12.236	7.048	-2.534	0.000
1.214	6.770	-14.307	-1.714	0.000
0.717	-16.135	12.634	1.793	1.000
-2.296	18.575	6.439	-3.038	0.000
1.519	-11.003	17.805	3.012	1.000
1.107	-12.567	11.452	1.908	1.000
1.152	8.439	9.294	0.982	0.000
1.950	-8.749	21.864	3.836	1.000
-1.519	13.730	-0.853	-2.990	0.000
-0.992	-5.076	11.860	-0.327	1.000
1.057	18.087	13.330	1.045	0.000
-1.288	13.669	8.950	-1.597	0.000
-1.615	-14.325	12.448	-0.547	1.000
-0.526	9.282	0.689	-1.695	0.000
1.965	-4.987	14.526	2.849	1.000
1.092	7.439	14.888	1.626	0.000
-2.201	13.401	3.224	-3.153	0.000
-1.401	10.207	-1.917	-2.883	0.000
1.357	-15.516	16.243	2.822	1.000
1.148	16.584	13.162	1.164	0.000
1.203	20.541	10.134	0.722	0.000
-0.914	-16.567	5.964	-0.565	1.000
-2.897	16.490	10.693	-3.041	0.000
0.633	18.885	4.009	-0.503	0.000
-1.039	13.068	2.590	-2.094	0.000
-2.499	-45.969	-0.319	-1.850	1.000
-0.736	12.034	-0.374	-2.119	0.000
2.883	-13.480	19.089	4.569	1.000
1.688	0.857	14.345	2.361	0.000
-1.707	-31.925	4.006	-1.044	1.000
1.019	-8.782	14.842	2.099	1.000
0.604	20.060	17.393	1.024	0.000
-1.371	-13.788	20.185	0.593	1.000
-1.321	12.639	3.822	-2.205	0.000
2.631	-17.247	13.804	3.822	1.000
-1.454	-24.165	8.261	-0.556	1.000
0.982	-0.707	11.609	1.405	0.000
-1.537	-21.046	18.736	0.507	1.000
-2.177	14.294	6.166	-2.809	0.000
-1.207	-1.683	27.010	1.155	1.000
-1.894	-32.105	5.324	-1.062	1.000
-0.585	7.988	26.117	1.323	1.000
0.771	11.536	15.549	1.254	0.000
0.139	15.891	20.991	1.144	1.000
0.471	8.315	-7.945	-1.727	0.000
0.243	13.172	13.704	0.468	1.000
-1.886	20.388	4.062	-2.985	0.000
-1.685	19.250	2.512	-2.938	0.000
-0.354	4.786	-3.188	-1.839	0.000
1.222	-18.066	14.666	2.590	1.000
-0.116	-14.655	10.548	0.689	1.000
0.795	-4.540	22.783	2.685	1.000
1.499	-16.247	4.527	1.587	1.000
-0.249	7.578	0.837	-1.352	0.000
2.181	-13.255	20.393	4.037	1.000
-2.202	-21.399	23.508	0.444	1.000
-0.224	-12.025	6.479	0.010	1.000
-2.843	-44.961	9.964	-0.992	1.000
-2.570	-34.212	19.885	0.090	1.000
1.980	-7.611	21.139	3.740	1.000
-1.111	13.670	-6.189	-3.229	0.000
-0.896	14.902	7.375	-1.447	0.000
0.717	3.560	-16.555	-2.354	0.000
1.222	-21.560	19.576	3.294	1.000
-1.599	-23.336	13.645	-0.083	1.000
0.010	-13.802	13.341	1.114	1.000
1.357	-7.468	9.966	1.801	1.000
-1.700	-21.008	15.763	-0.006	1.000
-2.003	18.926	0.232	-3.505	0.000
1.273	5.702	11.673	1.476	0.000
-1.535	12.738	7.923	-1.927	0.000
-0.618	1.767	20.274	0.805	1.000
-2.131	-23.102	22.721	0.477	1.000
-0.218	-9.839	16.943	1.189	1.000
0.174	21.383	19.264	0.786	0.000
-0.160	10.866	-5.467	-2.129	0.000
-1.931	9.750	11.148	-1.824	0.000
-1.574	16.204	0.658	-2.947	0.000
-0.748	-18.420	-0.828	-1.151	1.000
0.133	-11.158	10.207	0.770	1.000
0.376	-10.390	11.553	1.140	1.000
-0.855	-13.005	7.048	-0.499	1.000
1.653	-9.334	9.623	2.109	1.000
0.165	5.369	1.282	-0.823	0.000
0.369	10.839	13.242	0.614	0.000
-0.581	13.126	-3.348	-2.360	0.000
2.373	-8.518	18.747	3.865	1.000
0.908	7.121	17.126	1.725	0.000
2.029	11.865	5.170	1.223	0.000
1.919	3.693	10.621	2.043	0.000
1.699	12.078	14.669	2.029	0.000
-0.782	12.053	1.047	-1.994	0.000
-1.564	-17.789	15.871	0.028	1.000
-1.728	18.862	5.155	-2.651	0.000
-1.283	9.796	5.509	-1.871	0.000
-0.357	13.349	-6.809	-2.563	0.000
2.889	-3.904	20.299	4.394	1.000
2.795	-3.983	3.560	2.310	0.000
0.110	-14.018	8.412	0.631	1.000
-2.433	-29.703	13.988	-0.633	1.000
1.369	13.229	18.592	2.139	0.000
1.655	2.261	17.086	2.607	0.000
-1.959	12.224	4.728	-2.700	0.000
-0.154	-1.758	9.342	0.071	1.000
-0.559	8.914	-2.496	-2.094	0.000
-0.472	-6.087	9.084	-0.121	1.000
-1.376	-16.797	18.883	0.536	1.000
-1.262	10.141	-1.017	-2.639	0.000
0.061	7.469	-10.180	-2.361	0.000
1.532	-14.647	14.314	2.732	1.000
-0.462	-7.207	4.841	-0.579	1.000
-1.620	-21.954	11.024	-0.463	1.000
-1.242	10.021	0.134	-2.479	0.000
-1.101	9.400	4.890	-1.755	0.000
-1.429	-15.670	11.987	-0.376	1.000
0.153	16.619	17.333	0.697	1.000
0.791	-18.986	18.487	2.659	1.000
1.362	4.258	19.374	2.529	0.000
1.619	10.190	5.246	0.893	0.000
-2.084	18.835	8.573	-2.587	0.000
1.151	33.831	16.295	0.955	1.000
-3.413	21.416	19.041	-2.712	0.000
-1.338	11.870	3.680	-2.212	0.000
-1.791	-22.872	13.949	-0.248	1.000
-0.558	-11.931	4.599	-0.541	1.000
-0.799	8.235	7.494	-1.113	0.000
0.024	5.920	-7.774	-2.058	0.000
0.213	-14.835	14.961	1.539	1.000
-1.882	-30.548	4.544	-1.196	1.000
0.882	8.055	10.257	0.849	0.000
0.339	-13.227	3.872	0.285	1.000
1.670	-12.147	17.849	3.202	1.000
-0.817	-0.758	22.928	1.014	1.000
-2.960	19.318	11.770	-3.070	0.000
-1.768	-19.194	17.043	0.018	1.000
1.388	15.163	13.797	1.520	0.000
-1.235	-16.041	9.193	-0.509	1.000
1.598	-2.131	2.853	1.005	1.000
0.906	-13.771	8.647	1.421	1.000
2.769	-12.791	15.489	4.005	1.000
0.362	5.149	-7.084	-1.623	0.000
-2.911	-36.785	22.111	0.113	1.000
0.570	-18.999	15.367	2.074	1.000
-1.794	-27.860	10.326	-0.514	1.000
1.752	13.688	13.591	1.897	0.000
-1.693	-23.745	12.319	-0.318	1.000
-1.260	-8.917	19.930	0.506	1.000
-1.657	15.970	7.833	-2.165	0.000
-2.773	14.530	11.104	-2.806	0.000
1.531	0.129	17.433	2.601	0.000
-1.619	-26.900	3.487	-1.192	1.000
-1.589	18.281	7.081	-2.267	0.000
1.470	8.900	11.957	1.592	0.000
1.448	7.075	23.128	2.964	0.000
-1.341	12.516	7.847	-1.740	0.000
-1.946	-21.191	12.191	-0.665	1.000
-1.429	-14.619	17.318	0.224	1.000
1.241	11.473	-12.026	-1.575	0.000
0.292	-11.630	14.939	1.504	1.000
1.437	-17.260	8.730	2.062	1.000
-1.127	-4.423	20.264	0.521	1.000
1.491	17.840	17.874	2.014	0.000
-1.775	-20.763	10.641	-0.699	1.000
-0.549	-13.941	5.563	-0.348	1.000
-1.436	14.793	3.034	-2.483	0.000
-2.086	16.823	6.671	-2.748	0.000
-2.023	-34.727	8.595	-0.709	1.000
2.303	-13.144	10.786	3.006	1.000
-1.301	-10.573	14.851	-0.084	1.000
-1.030	-6.379	8.560	-0.714	1.000
0.883	15.275	25.719	2.448	0.000
-0.154	9.083	16.630	0.572	0.000
0.633	0.069	11.107	0.981	0.000
3.164	-6.571	27.700	5.632	1.000
1.477	3.783	6.656	1.141	0.000
-1.537	-18.570	13.646	-0.185	1.000
1.497	-12.487	7.729	1.839	1.000
0.333	30.001	18.770	0.589	0.000
1.007	-3.407	20.092	2.531	1.000
-0.553	-9.355	3.528	-0.750	1.000
0.711	9.450	6.618	0.203	0.000
-0.368	12.369	1.284	-1.576	0.000
-2.325	-27.729	19.240	0.030	1.000
0.208	5.680	10.675	0.328	1.000
1.606	-17.571	18.339	3.382	1.000
-1.402	12.180	-0.656	-2.801	0.000
-0.130	-10.549	12.034	0.713	1.000
1.031	-13.666	6.911	1.331	1.000
1.426	12.349	20.416	2.441	0.000
-0.370	3.270	10.392	-0.184	1.000
1.419	-13.697	19.305	3.185	1.000
0.142	14.467	19.090	0.968	1.000
1.840	-12.181	14.600	2.980	1.000
1.490	-1.823	-19.650	-1.792	0.000
1.953	6.491	8.199	1.693	0.000
-1.152	11.044	-2.446	-2.734	0.000
0.326	16.275	8.380	-0.191	0.000
1.533	-0.365	10.798	1.829	0.000
-0.169	-19.451	10.961	0.850	1.000
3.681	-4.038	13.889	4.401	1.000
1.115	-15.994	21.414	3.220	1.000
-0.704	0.062	15.058	0.158	0.000
2.027	-11.076	17.569	3.477	1.000
2.744	3.400	8.198	2.563	0.000
0.166	-11.126	11.073	0.904	1.000
-1.134	-6.879	22.059	0.812	1.000
1.739	-1.840	18.363	2.980	1.000
0.326	-8.563	3.104	0.022	1.000
-2.317	21.191	10.923	-2.612	0.000
1.578	-3.996	5.460	1.360	0.000
1.327	17.127	11.943	1.173	0.000
1.539	20.064	7.899	0.796	0.000
-2.087	16.218	10.430	-2.280	0.000
0.542	16.573	18.631	1.229	0.000
0.744	16.531	2.426	-0.505	0.000
-2.578	20.663	18.447	-1.950	0.000
-0.171	-12.768	5.450	-0.036	1.000
0.755	-11.812	12.300	1.643	1.000
1.695	-13.396	19.408	3.454	1.000
-2.182	17.161	4.896	-3.063	0.000
-2.032	-29.313	12.502	-0.435	1.000
0.147	16.130	10.475	-0.110	0.000
0.451	11.741	20.033	1.473	0.000
-1.994	11.278	5.310	-2.633	0.000
-1.157	8.346	4.242	-1.851	0.000
1.203	18.400	10.701	0.862	0.000
-1.566	-18.824	18.951	0.429	1.000
-1.358	-11.618	21.625	0.704	1.000
-2.894	19.508	12.272	-2.953	0.000
0.642	-10.849	8.852	1.091	1.000
-0.270	-7.214	3.205	-0.589	1.000
-0.800	-7.404	13.256	0.103	1.000
0.534	2.218	-8.639	-1.541	0.000
-1.268	10.503	1.705	-2.334	0.000
1.771	9.968	11.642	1.810	0.000
1.220	-13.449	14.377	2.396	1.000
-1.761	-22.155	18.889	0.345	1.000
1.120	4.884	12.022	1.397	0.000
0.154	17.622	18.475	0.800	1.000
-0.856	9.545	4.985	-1.511	0.000
0.144	1.552	-3.178	-1.245	0.000
1.843	8.980	12.383	2.001	0.000
1.053	11.961	8.906	0.721	0.000
-0.985	-8.101	18.148	0.531	1.000
-0.397	-0.971	12.762	0.216	1.000
1.955	-5.517	18.887	3.376	1.000
-1.625	16.376	3.386	-2.678	0.000
2.996	-12.258	18.822	4.604	1.000
-2.785	15.490	11.905	-2.754	0.000
0.390	0.019	10.274	0.648	0.000
-2.226	-29.086	11.806	-0.714	1.000
0.656	16.578	13.150	0.686	0.000
0.671	24.417	18.431	1.064	0.000
-0.750	11.951	-2.049	-2.328	0.000
0.679	10.334	9.229	0.453	0.000
-2.697	23.803	10.642	-3.102	0.000
-1.431	-14.521	22.850	0.878	1.000
-0.950	14.202	2.181	-2.094	0.000
2.184	12.591	9.769	1.897	0.000
1.998	-7.877	15.047	3.041	1.000
-0.265	14.981	-2.450	-2.011	0.000
-0.871	-11.216	5.952	-0.707	1.000
-1.669	12.943	2.843	-2.668	0.000
-0.421	10.750	-3.910	-2.191	0.000
-1.011	-17.579	8.926	-0.272	1.000
0.196	-14.344	9.184	0.818	1.000
1.580	-18.104	14.336	2.898	1.000
0.794	6.680	10.079	0.789	0.000
1.639	-12.093	21.499	3.605	1.000
-2.024	-25.500	14.173	-0.357	1.000
-3.339	18.173	16.546	-2.828	0.000
0.494	-15.112	2.403	0.323	1.000
-1.612	-19.078	13.053	-0.311	1.000
-1.856	18.915	7.971	-2.440	0.000
1.225	-10.563	15.593	2.449	1.000
-0.181	13.516	15.464	0.256	0.000
1.669	5.692	7.941	1.415	0.000
-0.248	-15.099	7.327	0.192	1.000
-0.485	-1.880	12.763	0.162	1.000
-1.047	-11.598	10.239	-0.353	1.000
1.488	14.883	7.720	0.902	0.000
-2.904	20.791	10.905	-3.169	0.000
-0.404	-3.381	8.847	-0.175	1.000
1.889	5.385	12.326	2.161	0.000
0.075	12.345	-6.264	-2.046	0.000
-3.201	-53.110	13.707	-0.615	1.000
2.077	-16.778	17.470	3.707	1.000
1.912	8.871	13.068	2.153	0.000
1.207	-10.299	7.338	1.439	1.000
1.736	-10.005	17.593	3.162	1.000
2.080	12.069	15.966	2.552	0.000
-2.271	-44.971	-0.958	-1.740	1.000
-1.009	9.286	3.366	-1.843	0.000
-0.306	-17.160	13.427	0.933	1.000
-0.704	0.893	20.233	0.746	1.000
-0.202	-7.493	2.599	-0.585	1.000
-0.246	16.766	10.074	-0.560	0.000
-1.936	12.506	10.994	-1.941	0.000
-1.728	15.344	0.419	-3.096	0.000
-1.445	-29.949	-0.068	-1.344	1.000
-1.328	17.219	-0.871	-2.927	0.000
2.036	-13.994	19.382	3.801	1.000
-0.861	-10.714	10.748	-0.142	1.000
-1.775	9.188	6.731	-2.181	0.000
0.767	-7.865	15.850	1.945	1.000
-0.097	-16.663	8.463	0.527	1.000
-1.382	-22.526	10.889	-0.229	1.000
3.118	-16.950	17.488	4.722	1.000
-0.335	-0.965	8.725	-0.205	1.000
1.914	5.361	13.171	2.286	0.000
2.071	6.931	20.820	3.297	0.000
1.121	-17.079	10.519	1.964	1.000
